{"cameraMode":{"drawMode":0,"name":"Shaded","section":"Shading Mode"},"sceneLighting":false,"audioPlay":false,"sceneViewState":{"showFog":true,"showMaterialUpdate":false,"showSkybox":false,"showFlares":true,"showImageEffects":true,"showParticleSystems":true,"showVisualEffectGraphs":true,"m_FxEnabled":true},"in2DMode":false,"pivot":{"x":-0.000018721255401032977,"y":0.00002698476419027429,"z":0.000014838180504739285},"rotation":{"x":0.06756602972745896,"y":0.8088106513023377,"z":0.09481572359800339,"w":-0.5764408707618713},"size":0.000017320508050033823,"orthographic":false}