{"cameraMode":{"drawMode":0,"name":"Shaded","section":"Shading Mode"},"sceneLighting":true,"audioPlay":false,"sceneViewState":{"showFog":true,"showMaterialUpdate":false,"showSkybox":true,"showFlares":true,"showImageEffects":true,"showParticleSystems":true},"in2DMode":false,"pivot":{"x":80.63614654541016,"y":-186.45767211914063,"z":220.90187072753907},"rotation":{"x":-0.3212965428829193,"y":-0.1561426967382431,"z":0.05381655693054199,"w":-0.9325253963470459},"size":219.30722045898438,"orthographic":false}