{"cameraMode":{"drawMode":0,"name":"Shaded","section":"Shading Mode"},"sceneLighting":true,"audioPlay":false,"sceneViewState":{"showFog":true,"showMaterialUpdate":false,"showSkybox":true,"showFlares":true,"showImageEffects":true,"showParticleSystems":true,"showVisualEffectGraphs":true,"m_FxEnabled":true},"in2DMode":false,"pivot":{"x":-0.18508394062519074,"y":3.043557643890381,"z":-0.33340904116630556},"rotation":{"x":-0.4896148443222046,"y":0.021449241787195207,"z":-0.012033392675220967,"w":-0.8716081976890564},"size":1.241714596748352,"orthographic":false}