{"cameraMode":{"drawMode":0,"name":"Shaded","section":"Shading Mode"},"sceneLighting":false,"audioPlay":false,"sceneViewState":{"showFog":true,"showMaterialUpdate":false,"showSkybox":false,"showFlares":true,"showImageEffects":true,"showParticleSystems":true,"showVisualEffectGraphs":true,"m_FxEnabled":true},"in2DMode":false,"pivot":{"x":-0.000017878903236123733,"y":0.000034115400922019035,"z":0.000022867860025144182},"rotation":{"x":0.15083564817905427,"y":0.7211726307868958,"z":0.1659669131040573,"w":-0.6554610729217529},"size":0.000017320508050033823,"orthographic":false}