{"cameraMode":{"drawMode":0,"name":"Shaded","section":"Shading Mode"},"sceneLighting":false,"audioPlay":false,"sceneViewState":{"showFog":true,"showMaterialUpdate":false,"showSkybox":false,"showFlares":true,"showImageEffects":true,"showParticleSystems":true,"showVisualEffectGraphs":true,"m_FxEnabled":true},"in2DMode":false,"pivot":{"x":0.0000010415060387458653,"y":0.0000029967404771014118,"z":-3.7032714317319917e-7},"rotation":{"x":0.09205425530672074,"y":0.8096981048583984,"z":0.1320727914571762,"w":-0.5643464922904968},"size":0.000017320508050033823,"orthographic":false}