{"cameraMode":{"drawMode":0,"name":"Shaded","section":"Shading Mode"},"sceneLighting":true,"audioPlay":false,"sceneViewState":{"showFog":true,"showMaterialUpdate":true,"showSkybox":true,"showFlares":true,"showImageEffects":true,"showParticleSystems":true},"in2DMode":false,"pivot":{"x":0.761183500289917,"y":2.402348041534424,"z":-10.426202774047852},"rotation":{"x":-0.3762901723384857,"y":0.01028068270534277,"z":-0.00417771702632308,"w":-0.9264476895332336},"size":9.27332592010498,"orthographic":false}